id,image_path,caption,hashtags,likes
1,image_1.jpg,Small moments matter.,#goodday #motivation #lifestyle,4442
2,image_2.jpg,Adventure awaits.,#travelgram #vacation #wanderlust,3551
3,image_3.jpg,Latest product drop!,#reviews #brand #onlineshop,1700
4,image_4.jpg,Must-have item!,#onlineshop #newproduct #shopping,1758
5,image_5.jpg,Sweat. Smile. Repeat.,#healthyliving #fitlife #workout,1479
6,image_6.jpg,Craving satisfied.,#delicious #foodie #foodstagram,4846
7,image_7.jpg,New arrival alert!,#brand #onlineshop #newproduct,2214
8,image_8.jpg,Traveling the world!,#wanderlust #travel #vacation,3480
9,image_9.jpg,Must-have item!,#onlineshop #brand #newproduct,4514
10,image_10.jpg,Every day is a gift.,#dailyvibes #lifestyle #motivation,4843
11,image_11.jpg,Green vibes only.,#wildlife #nature #naturelover,1519
12,image_12.jpg,The beauty of nature.,#earth #naturelover #wildlife,4065
13,image_13.jpg,Stronger every day.,#fitness #workout #healthyliving,2628
14,image_14.jpg,Exploring new places!,#wanderlust #explore #vacation,3735
15,image_15.jpg,Pushing limits today!,#fitlife #workout #fitness,4450
16,image_16.jpg,Styled to perfection.,#outfit #fashionblogger #fashion,3192
17,image_17.jpg,Nature at its best.,#wildlife #green #nature,1832
18,image_18.jpg,Tasty and delicious!,#delicious #yummy #foodstagram,3051
19,image_19.jpg,Latest product drop!,#shopping #newproduct #brand,1637
20,image_20.jpg,Traveling the world!,#vacation #wanderlust #travelgram,818
21,image_21.jpg,The beauty of nature.,#nature #green #wildlife,1795
22,image_22.jpg,Peaceful and calm.,#naturelover #wildlife #nature,1200
23,image_23.jpg,A perfect meal!,#delicious #foodstagram #foodlover,4311
24,image_24.jpg,Small moments matter.,#motivation #dailyvibes #goodday,562
25,image_25.jpg,New journey begins.,#explore #vacation #wanderlust,2352
26,image_26.jpg,Small moments matter.,#dailyvibes #goodday #lifestyle,3750
27,image_27.jpg,Traveling the world!,#vacation #explore #wanderlust,3778
28,image_28.jpg,Keeping it trendy.,#fashion #style #fashionblogger,77
29,image_29.jpg,Exploring new places!,#explore #travel #vacation,4405
30,image_30.jpg,Stronger every day.,#gymmotivation #workout #fitness,2422
31,image_31.jpg,Vibes of the day.,#motivation #lifequotes #goodday,115
32,image_32.jpg,Vibes of the day.,#goodday #motivation #lifestyle,406
33,image_33.jpg,Food that makes me happy.,#yummy #foodstagram #foodlover,2902
34,image_34.jpg,Today's outfit!,#outfit #fashionblogger #trending,1320
35,image_35.jpg,Sweat. Smile. Repeat.,#gymmotivation #fitness #healthyliving,3048
36,image_36.jpg,Adventure awaits.,#travel #wanderlust #explore,1652
37,image_37.jpg,Traveling the world!,#wanderlust #vacation #explore,1573
38,image_38.jpg,Styled to perfection.,#fashion #fashionblogger #outfit,3468
39,image_39.jpg,Craving satisfied.,#delicious #foodie #foodlover,3945
40,image_40.jpg,Vibes of the day.,#lifequotes #dailyvibes #goodday,4688
41,image_41.jpg,Quality you can trust.,#brand #reviews #onlineshop,1601
42,image_42.jpg,Quality you can trust.,#onlineshop #brand #newproduct,2454
43,image_43.jpg,Pushing limits today!,#healthyliving #fitlife #workout,2175
44,image_44.jpg,Craving satisfied.,#foodstagram #foodlover #delicious,1263
45,image_45.jpg,Peaceful and calm.,#earth #nature #naturelover,1006
46,image_46.jpg,Peaceful and calm.,#earth #nature #wildlife,3545
47,image_47.jpg,Vibes of the day.,#dailyvibes #lifestyle #goodday,727
48,image_48.jpg,Stronger every day.,#fitlife #workout #gymmotivation,1807
49,image_49.jpg,Latest product drop!,#shopping #brand #onlineshop,1888
50,image_50.jpg,A perfect meal!,#delicious #yummy #foodie,3840
51,image_51.jpg,Quality you can trust.,#brand #shopping #onlineshop,2172
52,image_52.jpg,Stronger every day.,#healthyliving #gymmotivation #fitlife,3201
53,image_53.jpg,The beauty of nature.,#earth #green #nature,2963
54,image_54.jpg,Pushing limits today!,#gymmotivation #fitlife #healthyliving,2681
55,image_55.jpg,New journey begins.,#wanderlust #travelgram #vacation,2570
56,image_56.jpg,Today's outfit!,#style #trending #outfit,2562
57,image_57.jpg,Tasty and delicious!,#foodie #yummy #foodstagram,1922
58,image_58.jpg,Fitness mode ON.,#fitlife #gymmotivation #fitness,4824
59,image_59.jpg,Pushing limits today!,#gymmotivation #fitness #fitlife,4050
60,image_60.jpg,Quality you can trust.,#onlineshop #newproduct #shopping,4536
61,image_61.jpg,Tasty and delicious!,#foodie #yummy #foodlover,1851
62,image_62.jpg,Vibes of the day.,#goodday #lifestyle #lifequotes,3226
63,image_63.jpg,Tasty and delicious!,#delicious #foodstagram #foodlover,3999
64,image_64.jpg,Keeping it trendy.,#fashionblogger #fashion #outfit,1980
65,image_65.jpg,Today's outfit!,#outfit #style #fashion,1003
66,image_66.jpg,New arrival alert!,#newproduct #reviews #shopping,1118
67,image_67.jpg,Living my best life.,#goodday #motivation #dailyvibes,4832
68,image_68.jpg,Stronger every day.,#gymmotivation #workout #fitness,2732
69,image_69.jpg,Pushing limits today!,#fitlife #gymmotivation #healthyliving,3174
70,image_70.jpg,Tasty and delicious!,#foodlover #yummy #foodie,282
71,image_71.jpg,Fitness mode ON.,#fitness #workout #fitlife,824
72,image_72.jpg,New arrival alert!,#shopping #reviews #brand,496
73,image_73.jpg,New arrival alert!,#brand #newproduct #reviews,4499
74,image_74.jpg,Latest product drop!,#shopping #reviews #onlineshop,3580
75,image_75.jpg,Vibes of the day.,#motivation #goodday #dailyvibes,306
76,image_76.jpg,New arrival alert!,#shopping #onlineshop #newproduct,4714
77,image_77.jpg,Exploring new places!,#travelgram #wanderlust #vacation,1714
78,image_78.jpg,A perfect meal!,#delicious #foodstagram #foodie,4141
79,image_79.jpg,Vibes of the day.,#motivation #dailyvibes #lifestyle,2969
80,image_80.jpg,Craving satisfied.,#yummy #foodie #foodlover,2489
81,image_81.jpg,Today's outfit!,#fashion #outfit #style,4332
82,image_82.jpg,Vibes of the day.,#lifestyle #motivation #goodday,3323
83,image_83.jpg,Must-have item!,#newproduct #onlineshop #shopping,3668
84,image_84.jpg,Sweat. Smile. Repeat.,#healthyliving #gymmotivation #fitlife,2196
85,image_85.jpg,Keeping it trendy.,#style #fashion #outfit,4874
86,image_86.jpg,Peaceful and calm.,#naturelover #wildlife #earth,2942
87,image_87.jpg,Living my best life.,#lifestyle #lifequotes #goodday,3130
88,image_88.jpg,New journey begins.,#explore #travelgram #wanderlust,4073
89,image_89.jpg,Nature at its best.,#naturelover #wildlife #earth,576
90,image_90.jpg,Small moments matter.,#goodday #motivation #lifestyle,4253
91,image_91.jpg,Living my best life.,#lifestyle #motivation #dailyvibes,3821
92,image_92.jpg,Quality you can trust.,#shopping #reviews #onlineshop,2039
93,image_93.jpg,Fashion speaks.,#fashion #style #outfit,2456
94,image_94.jpg,Tasty and delicious!,#yummy #foodie #foodstagram,2078
95,image_95.jpg,Pushing limits today!,#gymmotivation #fitness #fitlife,1468
96,image_96.jpg,New arrival alert!,#newproduct #brand #reviews,459
97,image_97.jpg,Must-have item!,#onlineshop #newproduct #brand,1002
98,image_98.jpg,New arrival alert!,#onlineshop #shopping #newproduct,660
99,image_99.jpg,Quality you can trust.,#shopping #newproduct #onlineshop,3423
100,image_100.jpg,Every day is a gift.,#lifestyle #lifequotes #motivation,2183
101,image_101.jpg,Adventure awaits.,#wanderlust #travel #explore,275
102,image_102.jpg,Quality you can trust.,#shopping #reviews #onlineshop,3544
103,image_103.jpg,Fitness mode ON.,#fitlife #fitness #healthyliving,4088
104,image_104.jpg,Peaceful and calm.,#naturelover #green #earth,924
105,image_105.jpg,Must-have item!,#newproduct #brand #shopping,3512
106,image_106.jpg,Pushing limits today!,#workout #fitlife #gymmotivation,1247
107,image_107.jpg,Fitness mode ON.,#fitlife #gymmotivation #fitness,3198
108,image_108.jpg,Peaceful and calm.,#earth #green #wildlife,4481
109,image_109.jpg,Fashion speaks.,#fashionblogger #style #trending,2083
110,image_110.jpg,New journey begins.,#travel #wanderlust #travelgram,4145
111,image_111.jpg,Sweat. Smile. Repeat.,#fitlife #fitness #workout,4325
112,image_112.jpg,Nature at its best.,#nature #green #naturelover,4165
113,image_113.jpg,Exploring new places!,#wanderlust #explore #vacation,2414
114,image_114.jpg,Quality you can trust.,#newproduct #shopping #reviews,1288
115,image_115.jpg,Craving satisfied.,#foodlover #foodie #delicious,999
116,image_116.jpg,Must-have item!,#shopping #brand #reviews,4414
117,image_117.jpg,Styled to perfection.,#outfit #fashionblogger #style,4103
118,image_118.jpg,Adventure awaits.,#wanderlust #travelgram #travel,781
119,image_119.jpg,Quality you can trust.,#shopping #reviews #brand,3043
120,image_120.jpg,Latest product drop!,#shopping #brand #onlineshop,3006
121,image_121.jpg,Keeping it trendy.,#style #trending #fashion,2774
122,image_122.jpg,Vibes of the day.,#dailyvibes #motivation #lifequotes,1368
123,image_123.jpg,A perfect meal!,#yummy #foodlover #foodie,4237
124,image_124.jpg,Fitness mode ON.,#fitness #healthyliving #fitlife,3825
125,image_125.jpg,Must-have item!,#shopping #newproduct #reviews,425
126,image_126.jpg,Traveling the world!,#travelgram #explore #wanderlust,2210
127,image_127.jpg,Traveling the world!,#travel #explore #wanderlust,3700
128,image_128.jpg,Living my best life.,#dailyvibes #goodday #lifequotes,912
129,image_129.jpg,Small moments matter.,#dailyvibes #goodday #lifestyle,359
130,image_130.jpg,Nature at its best.,#naturelover #green #wildlife,1086
131,image_131.jpg,Pushing limits today!,#healthyliving #fitness #gymmotivation,4005
132,image_132.jpg,Fashion speaks.,#fashion #trending #outfit,4297
133,image_133.jpg,Living my best life.,#dailyvibes #lifequotes #goodday,2805
134,image_134.jpg,Tasty and delicious!,#foodlover #yummy #foodstagram,3223
135,image_135.jpg,Food that makes me happy.,#foodlover #delicious #yummy,2518
136,image_136.jpg,Vibes of the day.,#lifequotes #motivation #lifestyle,4439
137,image_137.jpg,Stronger every day.,#fitness #fitlife #workout,2775
138,image_138.jpg,Craving satisfied.,#foodstagram #foodie #delicious,4162
139,image_139.jpg,The beauty of nature.,#earth #nature #green,2675
140,image_140.jpg,The beauty of nature.,#nature #green #wildlife,4906
141,image_141.jpg,Living my best life.,#lifestyle #lifequotes #goodday,3288
142,image_142.jpg,Tasty and delicious!,#foodstagram #delicious #foodlover,2786
143,image_143.jpg,The beauty of nature.,#earth #nature #green,1660
144,image_144.jpg,Today's outfit!,#outfit #fashionblogger #style,2971
145,image_145.jpg,Pushing limits today!,#healthyliving #fitness #workout,2400
146,image_146.jpg,Nature at its best.,#green #wildlife #nature,4777
147,image_147.jpg,Fashion speaks.,#trending #outfit #fashionblogger,1833
148,image_148.jpg,Today's outfit!,#trending #outfit #style,2898
149,image_149.jpg,Keeping it trendy.,#fashionblogger #style #fashion,2121
150,image_150.jpg,Craving satisfied.,#yummy #foodstagram #foodlover,1268
151,image_151.jpg,Peaceful and calm.,#nature #earth #green,2693
152,image_152.jpg,Today's outfit!,#fashionblogger #style #outfit,1172
153,image_153.jpg,Every day is a gift.,#lifestyle #motivation #goodday,2537
154,image_154.jpg,New arrival alert!,#onlineshop #newproduct #shopping,1947
155,image_155.jpg,Every day is a gift.,#lifequotes #lifestyle #goodday,2498
156,image_156.jpg,Vibes of the day.,#goodday #lifestyle #lifequotes,1137
157,image_157.jpg,Today's outfit!,#style #trending #outfit,2262
158,image_158.jpg,Small moments matter.,#lifequotes #lifestyle #dailyvibes,1653
159,image_159.jpg,Pushing limits today!,#healthyliving #gymmotivation #workout,1571
160,image_160.jpg,Tasty and delicious!,#delicious #yummy #foodie,1679
161,image_161.jpg,Traveling the world!,#travelgram #travel #explore,1796
162,image_162.jpg,Exploring new places!,#travel #travelgram #explore,1564
163,image_163.jpg,Today's outfit!,#fashion #fashionblogger #style,1184
164,image_164.jpg,Styled to perfection.,#trending #outfit #fashion,1943
165,image_165.jpg,The beauty of nature.,#earth #naturelover #nature,1717
166,image_166.jpg,Latest product drop!,#brand #newproduct #shopping,3273
167,image_167.jpg,Styled to perfection.,#style #outfit #trending,312
168,image_168.jpg,Stronger every day.,#gymmotivation #healthyliving #workout,261
169,image_169.jpg,Stronger every day.,#gymmotivation #healthyliving #workout,599
170,image_170.jpg,Traveling the world!,#wanderlust #explore #travelgram,1851
171,image_171.jpg,Every day is a gift.,#lifequotes #motivation #goodday,893
172,image_172.jpg,New arrival alert!,#reviews #newproduct #shopping,4283
173,image_173.jpg,A perfect meal!,#foodstagram #foodlover #foodie,3705
174,image_174.jpg,Latest product drop!,#onlineshop #brand #shopping,2418
175,image_175.jpg,Green vibes only.,#green #naturelover #nature,4691
176,image_176.jpg,Latest product drop!,#shopping #reviews #newproduct,4672
177,image_177.jpg,Pushing limits today!,#fitness #gymmotivation #healthyliving,1812
178,image_178.jpg,Nature at its best.,#green #nature #earth,263
179,image_179.jpg,Today's outfit!,#outfit #fashion #trending,4914
180,image_180.jpg,Styled to perfection.,#style #fashion #trending,189
181,image_181.jpg,Stronger every day.,#gymmotivation #fitlife #fitness,2790
182,image_182.jpg,Pushing limits today!,#fitlife #fitness #workout,4087
183,image_183.jpg,Traveling the world!,#vacation #wanderlust #travelgram,1694
184,image_184.jpg,Every day is a gift.,#lifestyle #goodday #motivation,2283
185,image_185.jpg,Food that makes me happy.,#delicious #foodstagram #yummy,2727
186,image_186.jpg,Craving satisfied.,#delicious #foodie #foodlover,3694
187,image_187.jpg,Must-have item!,#brand #reviews #onlineshop,832
188,image_188.jpg,Stronger every day.,#fitlife #workout #healthyliving,597
189,image_189.jpg,Keeping it trendy.,#trending #fashionblogger #fashion,3615
190,image_190.jpg,Must-have item!,#brand #onlineshop #shopping,2886
191,image_191.jpg,Pushing limits today!,#fitness #gymmotivation #workout,802
192,image_192.jpg,Green vibes only.,#wildlife #naturelover #earth,924
193,image_193.jpg,Stronger every day.,#workout #fitness #healthyliving,3028
194,image_194.jpg,Stronger every day.,#healthyliving #fitlife #fitness,1007
195,image_195.jpg,Small moments matter.,#dailyvibes #motivation #lifequotes,2141
196,image_196.jpg,Must-have item!,#onlineshop #shopping #reviews,4982
197,image_197.jpg,Tasty and delicious!,#foodie #yummy #foodstagram,3791
198,image_198.jpg,Fashion speaks.,#outfit #fashionblogger #trending,3894
199,image_199.jpg,Fitness mode ON.,#healthyliving #gymmotivation #fitness,3032
200,image_200.jpg,Today's outfit!,#fashion #trending #outfit,762
201,image_201.jpg,New arrival alert!,#newproduct #onlineshop #brand,4133
202,image_202.jpg,Nature at its best.,#earth #nature #naturelover,61
203,image_203.jpg,Small moments matter.,#lifestyle #dailyvibes #motivation,1842
204,image_204.jpg,Must-have item!,#onlineshop #brand #shopping,4678
205,image_205.jpg,Living my best life.,#motivation #lifequotes #lifestyle,232
206,image_206.jpg,Food that makes me happy.,#foodstagram #yummy #foodlover,2339
207,image_207.jpg,The beauty of nature.,#naturelover #green #nature,3725
208,image_208.jpg,Styled to perfection.,#trending #fashion #fashionblogger,1770
209,image_209.jpg,Peaceful and calm.,#nature #wildlife #green,4139
210,image_210.jpg,Traveling the world!,#explore #wanderlust #travel,1384
211,image_211.jpg,Exploring new places!,#travelgram #wanderlust #travel,3648
212,image_212.jpg,Traveling the world!,#explore #travelgram #vacation,4622
213,image_213.jpg,Quality you can trust.,#reviews #brand #newproduct,986
214,image_214.jpg,Must-have item!,#onlineshop #shopping #reviews,3617
215,image_215.jpg,Food that makes me happy.,#foodlover #delicious #foodie,4326
216,image_216.jpg,Food that makes me happy.,#foodstagram #yummy #foodlover,168
217,image_217.jpg,Small moments matter.,#goodday #lifequotes #lifestyle,902
218,image_218.jpg,Quality you can trust.,#onlineshop #shopping #newproduct,4724
219,image_219.jpg,Food that makes me happy.,#yummy #delicious #foodstagram,2556
220,image_220.jpg,Styled to perfection.,#style #fashionblogger #fashion,3117
221,image_221.jpg,Nature at its best.,#nature #earth #green,1400
222,image_222.jpg,Fashion speaks.,#style #fashionblogger #outfit,3267
223,image_223.jpg,Adventure awaits.,#vacation #explore #travel,3835
224,image_224.jpg,Keeping it trendy.,#outfit #style #fashionblogger,1102
225,image_225.jpg,Living my best life.,#lifequotes #motivation #dailyvibes,3654
226,image_226.jpg,Small moments matter.,#goodday #lifestyle #dailyvibes,917
227,image_227.jpg,Today's outfit!,#fashion #outfit #trending,3779
228,image_228.jpg,New journey begins.,#travelgram #vacation #travel,4428
229,image_229.jpg,The beauty of nature.,#earth #green #wildlife,3007
230,image_230.jpg,Adventure awaits.,#travelgram #vacation #travel,3176
231,image_231.jpg,Exploring new places!,#wanderlust #travel #travelgram,1244
232,image_232.jpg,Living my best life.,#dailyvibes #goodday #lifestyle,1530
233,image_233.jpg,A perfect meal!,#foodie #delicious #foodlover,1124
234,image_234.jpg,Food that makes me happy.,#yummy #delicious #foodie,4289
235,image_235.jpg,Today's outfit!,#style #fashionblogger #fashion,1449
236,image_236.jpg,Pushing limits today!,#healthyliving #fitlife #workout,4550
237,image_237.jpg,Stronger every day.,#gymmotivation #healthyliving #fitness,2022
238,image_238.jpg,Pushing limits today!,#workout #healthyliving #gymmotivation,3900
239,image_239.jpg,Exploring new places!,#explore #wanderlust #travelgram,3732
240,image_240.jpg,Latest product drop!,#reviews #newproduct #brand,2313
241,image_241.jpg,Adventure awaits.,#travel #vacation #wanderlust,4627
242,image_242.jpg,New arrival alert!,#brand #shopping #reviews,4878
243,image_243.jpg,Fashion speaks.,#trending #style #fashion,2025
244,image_244.jpg,Sweat. Smile. Repeat.,#workout #fitlife #healthyliving,1369
245,image_245.jpg,Today's outfit!,#trending #outfit #fashion,4273
246,image_246.jpg,Stronger every day.,#gymmotivation #fitlife #fitness,3531
247,image_247.jpg,Exploring new places!,#wanderlust #vacation #explore,1887
248,image_248.jpg,Styled to perfection.,#style #outfit #fashionblogger,2774
249,image_249.jpg,Pushing limits today!,#gymmotivation #fitness #fitlife,1390
250,image_250.jpg,The beauty of nature.,#naturelover #wildlife #earth,1758
251,image_251.jpg,Peaceful and calm.,#wildlife #naturelover #nature,296
252,image_252.jpg,Adventure awaits.,#vacation #wanderlust #travel,3211
253,image_253.jpg,Fashion speaks.,#fashionblogger #outfit #fashion,4667
254,image_254.jpg,Food that makes me happy.,#foodlover #delicious #foodstagram,4209
255,image_255.jpg,Peaceful and calm.,#earth #green #wildlife,3726
256,image_256.jpg,Sweat. Smile. Repeat.,#fitlife #fitness #healthyliving,3172
257,image_257.jpg,Every day is a gift.,#lifestyle #lifequotes #motivation,1125
258,image_258.jpg,The beauty of nature.,#wildlife #naturelover #green,2347
259,image_259.jpg,New journey begins.,#travelgram #vacation #wanderlust,849
260,image_260.jpg,Stronger every day.,#gymmotivation #workout #healthyliving,4405
261,image_261.jpg,Small moments matter.,#lifequotes #motivation #lifestyle,4422
262,image_262.jpg,Small moments matter.,#lifestyle #goodday #dailyvibes,269
263,image_263.jpg,Quality you can trust.,#shopping #brand #reviews,2630
264,image_264.jpg,Keeping it trendy.,#style #fashion #outfit,3576
265,image_265.jpg,Exploring new places!,#vacation #travel #travelgram,2040
266,image_266.jpg,New arrival alert!,#onlineshop #shopping #newproduct,2033
267,image_267.jpg,Fashion speaks.,#outfit #style #fashionblogger,4905
268,image_268.jpg,Sweat. Smile. Repeat.,#gymmotivation #healthyliving #fitness,970
269,image_269.jpg,Small moments matter.,#lifestyle #dailyvibes #goodday,2838
270,image_270.jpg,Styled to perfection.,#fashionblogger #trending #style,4974
271,image_271.jpg,New arrival alert!,#shopping #brand #onlineshop,2851
272,image_272.jpg,Quality you can trust.,#onlineshop #reviews #newproduct,2292
273,image_273.jpg,Latest product drop!,#brand #shopping #onlineshop,1105
274,image_274.jpg,Pushing limits today!,#fitness #workout #gymmotivation,1057
275,image_275.jpg,Pushing limits today!,#healthyliving #gymmotivation #fitlife,3133
276,image_276.jpg,Traveling the world!,#vacation #travel #explore,1523
277,image_277.jpg,Exploring new places!,#vacation #travel #explore,1615
278,image_278.jpg,The beauty of nature.,#green #nature #wildlife,1565
279,image_279.jpg,Living my best life.,#goodday #motivation #lifestyle,4310
280,image_280.jpg,Fitness mode ON.,#healthyliving #fitness #workout,2248
281,image_281.jpg,Fashion speaks.,#outfit #trending #fashion,267
282,image_282.jpg,Fitness mode ON.,#gymmotivation #healthyliving #fitness,2565
283,image_283.jpg,Peaceful and calm.,#green #wildlife #naturelover,4421
284,image_284.jpg,Stronger every day.,#fitlife #workout #healthyliving,4190
285,image_285.jpg,Food that makes me happy.,#delicious #foodlover #yummy,136
286,image_286.jpg,New journey begins.,#travel #wanderlust #vacation,698
287,image_287.jpg,Fashion speaks.,#outfit #fashionblogger #style,4990
288,image_288.jpg,Traveling the world!,#travel #travelgram #wanderlust,3861
289,image_289.jpg,Keeping it trendy.,#fashion #fashionblogger #trending,1931
290,image_290.jpg,Styled to perfection.,#outfit #style #fashionblogger,4940
291,image_291.jpg,Sweat. Smile. Repeat.,#fitlife #fitness #workout,2279
292,image_292.jpg,Stronger every day.,#gymmotivation #fitlife #healthyliving,3097
293,image_293.jpg,Keeping it trendy.,#trending #style #fashion,1285
294,image_294.jpg,Living my best life.,#motivation #lifestyle #dailyvibes,2582
295,image_295.jpg,Stronger every day.,#gymmotivation #workout #fitness,4994
296,image_296.jpg,Quality you can trust.,#onlineshop #reviews #brand,1648
297,image_297.jpg,Latest product drop!,#shopping #reviews #onlineshop,4488
298,image_298.jpg,Latest product drop!,#shopping #newproduct #onlineshop,4067
299,image_299.jpg,Fitness mode ON.,#workout #fitlife #healthyliving,1503
300,image_300.jpg,Stronger every day.,#gymmotivation #workout #healthyliving,3019
301,image_301.jpg,Food that makes me happy.,#yummy #delicious #foodie,3540
302,image_302.jpg,Keeping it trendy.,#style #trending #outfit,3648
303,image_303.jpg,Exploring new places!,#travel #travelgram #vacation,1921
304,image_304.jpg,Food that makes me happy.,#foodstagram #foodie #delicious,2375
305,image_305.jpg,Latest product drop!,#onlineshop #reviews #brand,2360
306,image_306.jpg,The beauty of nature.,#green #naturelover #earth,3896
307,image_307.jpg,Fitness mode ON.,#gymmotivation #fitlife #healthyliving,4149
308,image_308.jpg,Must-have item!,#onlineshop #shopping #newproduct,1208
309,image_309.jpg,Adventure awaits.,#wanderlust #travelgram #travel,1628
310,image_310.jpg,A perfect meal!,#foodlover #delicious #foodie,577
311,image_311.jpg,Vibes of the day.,#lifequotes #lifestyle #goodday,4996
312,image_312.jpg,Living my best life.,#dailyvibes #goodday #lifestyle,2260
313,image_313.jpg,New journey begins.,#travel #travelgram #wanderlust,4028
314,image_314.jpg,Tasty and delicious!,#foodie #foodlover #delicious,1525
315,image_315.jpg,Styled to perfection.,#outfit #fashion #style,2879
316,image_316.jpg,Vibes of the day.,#lifequotes #goodday #motivation,2284
317,image_317.jpg,Living my best life.,#dailyvibes #goodday #lifequotes,3478
318,image_318.jpg,Tasty and delicious!,#delicious #yummy #foodstagram,4152
319,image_319.jpg,The beauty of nature.,#green #nature #wildlife,2784
320,image_320.jpg,Keeping it trendy.,#style #trending #fashion,4605
321,image_321.jpg,Craving satisfied.,#foodstagram #foodlover #yummy,1487
322,image_322.jpg,Adventure awaits.,#explore #wanderlust #vacation,3823
323,image_323.jpg,Adventure awaits.,#vacation #travel #wanderlust,1540
324,image_324.jpg,Pushing limits today!,#gymmotivation #workout #fitness,3442
325,image_325.jpg,The beauty of nature.,#green #wildlife #naturelover,3278
326,image_326.jpg,Vibes of the day.,#dailyvibes #lifestyle #lifequotes,4036
327,image_327.jpg,Fashion speaks.,#trending #style #fashion,189
328,image_328.jpg,Styled to perfection.,#outfit #fashion #trending,2443
329,image_329.jpg,Every day is a gift.,#lifestyle #dailyvibes #motivation,2317
330,image_330.jpg,Pushing limits today!,#healthyliving #fitlife #fitness,4123
331,image_331.jpg,New journey begins.,#travelgram #explore #wanderlust,182
332,image_332.jpg,Keeping it trendy.,#style #trending #fashion,2309
333,image_333.jpg,Living my best life.,#lifestyle #dailyvibes #motivation,2866
334,image_334.jpg,Tasty and delicious!,#yummy #foodie #foodlover,1648
335,image_335.jpg,New journey begins.,#vacation #travelgram #travel,1630
336,image_336.jpg,Tasty and delicious!,#foodie #yummy #foodstagram,3544
337,image_337.jpg,Small moments matter.,#goodday #lifequotes #lifestyle,3691
338,image_338.jpg,Nature at its best.,#naturelover #earth #green,1712
339,image_339.jpg,Stronger every day.,#gymmotivation #fitlife #healthyliving,3114
340,image_340.jpg,Adventure awaits.,#explore #wanderlust #travelgram,4329
341,image_341.jpg,Styled to perfection.,#fashionblogger #style #outfit,1684
342,image_342.jpg,Vibes of the day.,#goodday #lifestyle #motivation,4781
343,image_343.jpg,Styled to perfection.,#fashionblogger #style #trending,1150
344,image_344.jpg,Vibes of the day.,#goodday #motivation #dailyvibes,4601
345,image_345.jpg,Pushing limits today!,#fitness #healthyliving #fitlife,4493
346,image_346.jpg,Small moments matter.,#lifestyle #lifequotes #goodday,2132
347,image_347.jpg,Stronger every day.,#gymmotivation #healthyliving #fitness,4508
348,image_348.jpg,Styled to perfection.,#trending #fashionblogger #outfit,3822
349,image_349.jpg,Adventure awaits.,#wanderlust #travel #explore,3171
350,image_350.jpg,Stronger every day.,#fitness #workout #fitlife,2476
351,image_351.jpg,Traveling the world!,#explore #wanderlust #travel,3229
352,image_352.jpg,Sweat. Smile. Repeat.,#gymmotivation #workout #fitness,2318
353,image_353.jpg,New arrival alert!,#brand #newproduct #shopping,1807
354,image_354.jpg,Tasty and delicious!,#yummy #foodie #foodlover,4434
355,image_355.jpg,Keeping it trendy.,#trending #outfit #style,835
356,image_356.jpg,Vibes of the day.,#lifestyle #goodday #lifequotes,4285
357,image_357.jpg,Quality you can trust.,#onlineshop #brand #shopping,4783
358,image_358.jpg,New arrival alert!,#brand #onlineshop #reviews,3584
359,image_359.jpg,Peaceful and calm.,#nature #wildlife #earth,4620
360,image_360.jpg,Pushing limits today!,#gymmotivation #healthyliving #workout,3465
361,image_361.jpg,Fashion speaks.,#fashionblogger #outfit #trending,633
362,image_362.jpg,Every day is a gift.,#dailyvibes #lifestyle #goodday,1807
363,image_363.jpg,Stronger every day.,#fitlife #workout #healthyliving,2777
364,image_364.jpg,Adventure awaits.,#explore #wanderlust #travel,2093
365,image_365.jpg,Nature at its best.,#green #wildlife #earth,1463
366,image_366.jpg,Vibes of the day.,#motivation #goodday #lifestyle,259
367,image_367.jpg,Green vibes only.,#nature #green #wildlife,3869
368,image_368.jpg,Nature at its best.,#naturelover #earth #nature,4041
369,image_369.jpg,Styled to perfection.,#outfit #fashion #fashionblogger,836
370,image_370.jpg,Quality you can trust.,#shopping #onlineshop #brand,2154
371,image_371.jpg,Green vibes only.,#naturelover #wildlife #green,2237
372,image_372.jpg,Quality you can trust.,#brand #reviews #shopping,4612
373,image_373.jpg,Green vibes only.,#green #earth #wildlife,3954
374,image_374.jpg,Latest product drop!,#reviews #shopping #brand,4809
375,image_375.jpg,Small moments matter.,#goodday #motivation #dailyvibes,1741
376,image_376.jpg,Adventure awaits.,#travel #explore #vacation,2427
377,image_377.jpg,Pushing limits today!,#fitlife #healthyliving #fitness,3027
378,image_378.jpg,Tasty and delicious!,#foodie #foodlover #delicious,4583
379,image_379.jpg,The beauty of nature.,#nature #green #wildlife,4325
380,image_380.jpg,Peaceful and calm.,#green #nature #earth,4786
381,image_381.jpg,Adventure awaits.,#travelgram #wanderlust #vacation,3984
382,image_382.jpg,New journey begins.,#wanderlust #travelgram #vacation,633
383,image_383.jpg,Pushing limits today!,#workout #healthyliving #fitness,1938
384,image_384.jpg,Vibes of the day.,#lifestyle #motivation #goodday,1812
385,image_385.jpg,Fitness mode ON.,#workout #fitness #gymmotivation,3717
386,image_386.jpg,Fashion speaks.,#style #fashionblogger #outfit,4115
387,image_387.jpg,Nature at its best.,#green #earth #nature,332
388,image_388.jpg,Green vibes only.,#earth #green #nature,3158
389,image_389.jpg,A perfect meal!,#delicious #foodlover #foodstagram,4488
390,image_390.jpg,A perfect meal!,#foodstagram #foodlover #yummy,4491
391,image_391.jpg,Craving satisfied.,#foodstagram #delicious #foodie,2810
392,image_392.jpg,Vibes of the day.,#lifequotes #motivation #goodday,2950
393,image_393.jpg,Exploring new places!,#vacation #wanderlust #travelgram,3500
394,image_394.jpg,Sweat. Smile. Repeat.,#fitness #gymmotivation #workout,2181
395,image_395.jpg,Fashion speaks.,#trending #fashion #outfit,2329
396,image_396.jpg,Food that makes me happy.,#foodlover #delicious #foodstagram,1116
397,image_397.jpg,Fashion speaks.,#trending #fashion #fashionblogger,1463
398,image_398.jpg,Tasty and delicious!,#yummy #delicious #foodie,784
399,image_399.jpg,Fashion speaks.,#fashionblogger #style #outfit,2101
400,image_400.jpg,Stronger every day.,#workout #fitness #fitlife,3022
401,image_401.jpg,Keeping it trendy.,#fashion #style #outfit,1225
402,image_402.jpg,New arrival alert!,#brand #shopping #reviews,669
403,image_403.jpg,Small moments matter.,#lifestyle #lifequotes #goodday,4817
404,image_404.jpg,Fashion speaks.,#trending #fashion #outfit,1916
405,image_405.jpg,Latest product drop!,#newproduct #onlineshop #reviews,377
406,image_406.jpg,Craving satisfied.,#yummy #foodstagram #foodie,1502
407,image_407.jpg,Peaceful and calm.,#green #naturelover #wildlife,2444
408,image_408.jpg,New journey begins.,#explore #travelgram #wanderlust,4285
409,image_409.jpg,Every day is a gift.,#motivation #lifequotes #goodday,2328
410,image_410.jpg,Stronger every day.,#fitness #workout #healthyliving,1542
411,image_411.jpg,Sweat. Smile. Repeat.,#fitlife #healthyliving #fitness,266
412,image_412.jpg,Vibes of the day.,#lifequotes #goodday #lifestyle,1968
413,image_413.jpg,Craving satisfied.,#foodstagram #foodie #delicious,4023
414,image_414.jpg,Green vibes only.,#earth #wildlife #naturelover,4336
415,image_415.jpg,New journey begins.,#travel #explore #vacation,284
416,image_416.jpg,The beauty of nature.,#earth #nature #naturelover,559
417,image_417.jpg,Pushing limits today!,#gymmotivation #fitlife #fitness,3974
418,image_418.jpg,Peaceful and calm.,#naturelover #wildlife #earth,1845
419,image_419.jpg,Peaceful and calm.,#wildlife #green #nature,3850
420,image_420.jpg,Small moments matter.,#lifestyle #lifequotes #dailyvibes,3803
421,image_421.jpg,Styled to perfection.,#trending #style #fashionblogger,4294
422,image_422.jpg,Fashion speaks.,#style #trending #fashion,772
423,image_423.jpg,Traveling the world!,#wanderlust #travel #travelgram,1856
424,image_424.jpg,Green vibes only.,#earth #naturelover #green,2238
425,image_425.jpg,Must-have item!,#reviews #onlineshop #newproduct,319
426,image_426.jpg,A perfect meal!,#delicious #foodie #foodlover,1563
427,image_427.jpg,Latest product drop!,#brand #shopping #newproduct,3298
428,image_428.jpg,Food that makes me happy.,#foodlover #yummy #foodstagram,519
429,image_429.jpg,Living my best life.,#motivation #lifestyle #dailyvibes,2861
430,image_430.jpg,Must-have item!,#shopping #brand #reviews,3118
431,image_431.jpg,Pushing limits today!,#fitlife #healthyliving #gymmotivation,3377
432,image_432.jpg,Styled to perfection.,#style #fashionblogger #outfit,3752
433,image_433.jpg,Craving satisfied.,#delicious #foodlover #yummy,3573
434,image_434.jpg,Fitness mode ON.,#fitlife #fitness #healthyliving,1706
435,image_435.jpg,New journey begins.,#wanderlust #explore #vacation,2028
436,image_436.jpg,Small moments matter.,#lifequotes #lifestyle #motivation,1156
437,image_437.jpg,Nature at its best.,#earth #naturelover #wildlife,381
438,image_438.jpg,Exploring new places!,#travel #wanderlust #vacation,792
439,image_439.jpg,Quality you can trust.,#shopping #newproduct #brand,496
440,image_440.jpg,Today's outfit!,#fashion #style #fashionblogger,4709
441,image_441.jpg,New arrival alert!,#newproduct #onlineshop #reviews,174
442,image_442.jpg,Must-have item!,#brand #reviews #newproduct,1112
443,image_443.jpg,Green vibes only.,#wildlife #naturelover #green,2195
444,image_444.jpg,Styled to perfection.,#trending #style #fashion,2707
445,image_445.jpg,Peaceful and calm.,#nature #wildlife #earth,131
446,image_446.jpg,Vibes of the day.,#goodday #lifestyle #motivation,1567
447,image_447.jpg,Stronger every day.,#gymmotivation #workout #healthyliving,4743
448,image_448.jpg,Small moments matter.,#goodday #dailyvibes #lifestyle,2099
449,image_449.jpg,Latest product drop!,#brand #onlineshop #newproduct,1918
450,image_450.jpg,New journey begins.,#travel #vacation #travelgram,3942
451,image_451.jpg,Small moments matter.,#lifequotes #dailyvibes #lifestyle,1905
452,image_452.jpg,Adventure awaits.,#explore #travel #travelgram,1949
453,image_453.jpg,Living my best life.,#goodday #dailyvibes #motivation,628
454,image_454.jpg,Fitness mode ON.,#workout #healthyliving #fitlife,3994
455,image_455.jpg,Latest product drop!,#onlineshop #shopping #reviews,678
456,image_456.jpg,Vibes of the day.,#motivation #dailyvibes #lifequotes,2600
457,image_457.jpg,Living my best life.,#motivation #lifequotes #dailyvibes,4589
458,image_458.jpg,Tasty and delicious!,#foodstagram #yummy #foodie,2946
459,image_459.jpg,Green vibes only.,#green #earth #naturelover,717
460,image_460.jpg,Today's outfit!,#fashion #outfit #style,1953
461,image_461.jpg,Every day is a gift.,#goodday #lifestyle #motivation,746
462,image_462.jpg,Nature at its best.,#green #earth #nature,1323
463,image_463.jpg,Food that makes me happy.,#foodlover #yummy #delicious,1487
464,image_464.jpg,Tasty and delicious!,#foodie #foodstagram #delicious,4273
465,image_465.jpg,Pushing limits today!,#healthyliving #fitlife #gymmotivation,1493
466,image_466.jpg,Vibes of the day.,#lifequotes #goodday #motivation,2751
467,image_467.jpg,Every day is a gift.,#motivation #goodday #lifestyle,3400
468,image_468.jpg,Tasty and delicious!,#foodlover #yummy #foodie,805
469,image_469.jpg,Peaceful and calm.,#earth #nature #green,3863
470,image_470.jpg,New arrival alert!,#brand #shopping #onlineshop,2485
471,image_471.jpg,Sweat. Smile. Repeat.,#healthyliving #gymmotivation #workout,615
472,image_472.jpg,New arrival alert!,#shopping #onlineshop #reviews,4732
473,image_473.jpg,Vibes of the day.,#motivation #dailyvibes #lifequotes,1720
474,image_474.jpg,Exploring new places!,#vacation #wanderlust #travel,1202
475,image_475.jpg,Sweat. Smile. Repeat.,#gymmotivation #fitness #healthyliving,4884
476,image_476.jpg,Nature at its best.,#nature #green #naturelover,4617
477,image_477.jpg,Must-have item!,#brand #shopping #onlineshop,4607
478,image_478.jpg,Peaceful and calm.,#earth #naturelover #nature,2992
479,image_479.jpg,New journey begins.,#explore #vacation #travel,2811
480,image_480.jpg,Craving satisfied.,#delicious #foodie #foodstagram,4818
481,image_481.jpg,Green vibes only.,#green #wildlife #earth,666
482,image_482.jpg,Craving satisfied.,#foodlover #delicious #foodstagram,4866
483,image_483.jpg,Stronger every day.,#fitness #healthyliving #fitlife,1784
484,image_484.jpg,The beauty of nature.,#naturelover #nature #green,3989
485,image_485.jpg,Craving satisfied.,#foodlover #foodstagram #yummy,4039
486,image_486.jpg,Adventure awaits.,#travel #wanderlust #travelgram,3030
487,image_487.jpg,A perfect meal!,#delicious #foodie #foodlover,1190
488,image_488.jpg,Nature at its best.,#wildlife #naturelover #green,3488
489,image_489.jpg,Stronger every day.,#fitness #workout #gymmotivation,1600
490,image_490.jpg,Today's outfit!,#outfit #fashionblogger #fashion,932
491,image_491.jpg,Small moments matter.,#lifestyle #lifequotes #dailyvibes,2672
492,image_492.jpg,Latest product drop!,#newproduct #shopping #reviews,2575
493,image_493.jpg,Today's outfit!,#trending #style #fashion,3128
494,image_494.jpg,Food that makes me happy.,#delicious #foodstagram #foodlover,3650
495,image_495.jpg,Traveling the world!,#explore #vacation #wanderlust,1237
496,image_496.jpg,Latest product drop!,#reviews #brand #shopping,262
497,image_497.jpg,Vibes of the day.,#goodday #dailyvibes #motivation,451
498,image_498.jpg,Exploring new places!,#vacation #travel #travelgram,866
499,image_499.jpg,Latest product drop!,#reviews #newproduct #shopping,2650
500,image_500.jpg,Styled to perfection.,#fashionblogger #outfit #trending,4289
